Model,Accuracy,F1 Angry,F1 Happy,F1 Sad,Best Parameters
gbc,0.8486672398968186,0.8802083333333334,0.8046571798188875,0.8611464968152865,"{'learning_rate': 0.1, 'max_depth': 5, 'n_estimators': 500}"
svc,0.8426483233018057,0.8767833981841764,0.8010269576379974,0.8505154639175257,"{'C': 1, 'gamma': 0.1, 'kernel': 'rbf'}"
knn,0.8314703353396389,0.8631578947368421,0.7911001236093942,0.842800528401585,"{'leaf_size': 44, 'n_neighbors': 16, 'p': 1}"
rf,0.8314703353396389,0.862483311081442,0.7850707850707851,0.8475,"{'max_features': 'sqrt', 'max_depth': 4, 'n_estimators': 150}"
cnn,0.7351851851851852,0.8262108262108262,0.6682926829268293,0.7210031347962382,"{'act_function': 'softmax', 'optimizer': 'RMSprop', 'learning_rate': 0.001, 'min_delta': 0.0001, 'epochs': 100}"
svm,0.6888888888888889,0.7576601671309191,0.6058981233243967,0.706896551724138,"{'C': 1, 'gamma': 0.1, 'kernel': 'poly'}"
nn,0.3277777777777778,0.0,0.0,0.49372384937238495,"{'layers': 5, 'act_function': 'softmax', 'learning_rate': 0.001, 'act_0': 'relu', 'act_1': 'relu', 'act_2': 'sigmoid', 'act_3': 'relu', 'act_4': 'relu', 'units_0': 100, 'units_1': 100, 'units_2': 50, 'units_3': 150, 'units_4': 50}"
